run,train_domain,test_domain,auroc,auprc,threshold,precision,recall,f1,fa_per_min,best_single_auroc,fusion_minus_best_single_auroc
train_gravel_test_gravel,gravel,gravel,0.7338386082197963,0.3067044576277645,2.0124030777065403,0.3910034602076124,0.1398514851485148,0.2060164083865086,30.085498777237564,0.7670118614425544,-0.0331732532227581
train_gravel_test_tarmac,gravel,tarmac,0.5496721681280116,0.6027346939045963,2.097997707716334,0.6382978723404256,0.0744416873449131,0.1333333333333333,30.402413494746064,0.5482077414917182,0.0014644266362933145
train_tarmac_test_tarmac,tarmac,tarmac,0.5417361591343611,0.6298414785597468,0.9458163974509664,0.7964071856287425,0.1650124069478908,0.2733812949640288,30.402413494746064,0.633251729761513,-0.09151557062715188
train_tarmac_test_gravel,tarmac,gravel,0.3754456855942004,0.149844361939995,-0.015173253762535,0.1065989847715736,0.0259900990099009,0.0417910447761194,30.085498777237564,0.3953337000366703,-0.019888014442469903
