run,train_domain,test_domain,auroc,auprc,threshold,precision,recall,f1,fa_per_min
train_gravel_test_gravel,gravel,gravel,0.7338386082197963,0.30670445762776455,2.0124030777065403,0.39100346020761245,0.13985148514851486,0.20601640838650867,30.085498777237564
train_gravel_test_tarmac,gravel,tarmac,0.5496721681280116,0.6027346939045963,2.097997707716334,0.6382978723404256,0.07444168734491315,0.1333333333333333,30.402413494746064
train_tarmac_test_tarmac,tarmac,tarmac,0.5417361591343611,0.6298414785597468,0.9458163974509664,0.7964071856287425,0.16501240694789082,0.2733812949640288,30.402413494746064
train_tarmac_test_gravel,tarmac,gravel,0.37544568559420044,0.14984436193999504,-0.015173253762535002,0.1065989847715736,0.02599009900990099,0.0417910447761194,30.085498777237564
