method,threshold,precision,recall,f1,false_alarms_per_min,event_recall,mean_delay_s,median_delay_s
gnn,0.006198344090097448,0.20594774874930516,0.9775725593667546,0.3402203856749311,501.22854818423167,1.0,0.0,0.0
msvdd,0.03370010136453779,0.2493993272465161,0.6846965699208444,0.36562169778090875,263.2586780293319,1.0,0.31428538049970356,0.0
ae,0.1439304904868403,0.3298116674322462,0.9472295514511874,0.48926746166950597,245.8991109121609,1.0,0.0,0.0
svm,-0.6766436661344528,0.26773356401384085,0.816622691292876,0.4032573289902281,285.33735077058833,1.0,0.0,0.0
