method,threshold,precision,recall,f1,false_alarms_per_min,event_recall,mean_delay_s,median_delay_s
gnn,0.005922498645208401,0.2083723836301156,0.8799472295514512,0.3369537762061126,473.6453115164528,1.0,0.0,0.0
msvdd,0.03370010136453779,0.2493993272465161,0.6846965699208444,0.36562169778090875,263.2586780293319,1.0,0.31428538049970356,0.0
ae,0.1439304904868403,0.3298116674322462,0.9472295514511874,0.48926746166950597,245.8991109121609,1.0,0.0,0.0
svm,-0.6766436661344528,0.26773356401384085,0.816622691292876,0.4032573289902281,285.33735077058833,1.0,0.0,0.0
