method,threshold,precision,recall,f1,false_alarms_per_min,event_recall,mean_delay_s,median_delay_s
gnn,0.001167784552,0.6085955487336915,0.9838709677419355,0.7520151730678045,598.8264027879044,1.0,0.0,0.0
msvdd,0.02442555996,0.5437756497948016,0.9863523573200993,0.701058201058201,596.4238176763419,1.0,0.0,0.0
ae,0.00914739592,0.5485636114911081,0.9950372208436724,0.7072310405643739,590.164497250953,1.0,0.0,0.0
svm,-1.2700837640336136,0.5532646048109966,0.9987593052109182,0.7120743034055728,581.2226109289688,1.0,0.0,0.0
