method,threshold,precision,recall,f1,false_alarms_per_min,event_recall,mean_delay_s,median_delay_s
gnn,0.001875976072,0.6078280890253261,0.9826302729528535,0.7510668563300141,600.0005722051355,1.0,0.0,0.0
msvdd,0.02000337676,0.5417236662106704,0.9826302729528535,0.6984126984126984,599.1063835729371,1.0,0.0,0.0
ae,0.1798940108235294,0.5589273112208892,0.9826302729528535,0.7125506072874495,558.8678951240086,1.0,0.0,0.0
svm,-0.5534927864,0.5410396716826266,0.9813895781637717,0.6975308641975309,600.0005722051355,1.0,0.0,0.0
