method,threshold,precision,recall,f1,false_alarms_per_min,event_recall,mean_delay_s,median_delay_s
gnn,0.006198344090097448,0.21956642579210672,0.9777227722772277,0.3586019064911484,499.9411296000061,1.0,0.0,0.0
msvdd,0.03370010136453779,0.2657376261412782,0.6844059405940595,0.3828314295604015,261.1968302932898,1.0,0.07142846924918038,0.0
ae,0.1439304904868403,0.35277905374368396,0.9504950495049505,0.5145728643216081,240.8549305518621,1.0,0.0,0.0
svm,-0.8314161040336119,0.2855335301560523,0.8378712871287128,0.4259201006605851,289.57292573091155,1.0,0.0,0.0
