method,threshold,precision,recall,f1,false_alarms_per_min,event_recall,mean_delay_s,median_delay_s
gnn,0.00040917578760000004,0.195357833655706,1.0,0.3268608414239482,592.5228202666739,1.0,0.0,0.0
msvdd,0.01402679891697479,0.20115698133052853,0.9467821782178217,0.3318152244632401,519.3167345752712,1.0,0.0,0.0
ae,0.03186145934,0.1881141787552644,0.995049504950495,0.31641086186540734,593.1629588466725,1.0,0.0,0.0
svm,-1.4846977084705881,0.1890359168241966,0.9900990099009901,0.31746031746031744,586.6672261561325,1.0,0.0,0.0
