method,threshold,precision,recall,f1,false_alarms_per_min,event_recall,mean_delay_s,median_delay_s
gnn,0.001875976072,0.5625479662317728,0.9812583668005355,0.7151219512195122,600.0005722051355,1.0,0.0,0.0
msvdd,0.02000337676,0.5013679890560876,0.9812583668005355,0.6636487098234496,599.1786536130737,1.0,0.0,0.0
ae,0.1798940108235294,0.5172900494001411,0.9812583668005355,0.6774491682070239,562.1923169702914,1.0,0.0,0.0
svm,-0.5534927864,0.5006839945280438,0.9799196787148594,0.6627433227704844,600.0005722051355,1.0,0.0,0.0
